Brand,Model_No,Size,Price_Code,Category
KJAR Eyewear,KJ8301,N/A,7.95,KJAR Metal 7 KJ8300&KJ3200
KJAR Eyewear,KJ8301,N/A,7.95,KJAR Metal 7 KJ8300&KJ3200
KJAR Eyewear,KJ8302,N/A,7.95,KJAR Metal 7 KJ8300&KJ3200
KJAR Eyewear,KJ8302,N/A,7.95,KJAR Metal 7 KJ8300&KJ3200
KJAR Eyewear,KJ8303,N/A,7.95,KJAR Metal 7 KJ8300&KJ3200
KJAR Eyewear,KJ8303,N/A,7.95,KJAR Metal 7 KJ8300&KJ3200
KJAR Eyewear,KJ8304,N/A,7.95,KJAR Metal 7 KJ8300&KJ3200
KJAR Eyewear,KJ8304,N/A,7.95,KJAR Metal 7 KJ8300&KJ3200
KJAR Eyewear,KJ8305,N/A,7.95,KJAR Metal 7 KJ8300&KJ3200
KJAR Eyewear,KJ8306,N/A,7.95,KJAR Metal 7 KJ8300&KJ3200
KJAR Eyewear,KJ8307,N/A,7.95,KJAR Metal 7 KJ8300&KJ3200
KJAR Eyewear,KJ8308,N/A,7.95,KJAR Metal 7 KJ8300&KJ3200
KJAR Eyewear,KJ8309,N/A,7.95,KJAR Metal 7 KJ8300&KJ3200
KJAR Eyewear,KJ8310,N/A,7.95,KJAR Metal 7 KJ8300&KJ3200
KJAR Eyewear,KJ8311,N/A,7.95,KJAR Metal 7 KJ8300&KJ3200
KJAR Eyewear,KJ8312,N/A,7.95,KJAR Metal 7 KJ8300&KJ3200
KJAR Eyewear,KJ8313,N/A,7.95,KJAR Metal 7 KJ8300&KJ3200
KJAR Eyewear,KJ8314,N/A,7.95,KJAR Metal 7 KJ8300&KJ3200
KJAR Eyewear,KJ8315,N/A,7.95,KJAR Metal 7 KJ8300&KJ3200
KJAR Eyewear,KJ8316,N/A,7.95,KJAR Metal 7 KJ8300&KJ3200
KJAR Eyewear,KJ8317,N/A,7.95,KJAR Metal 7 KJ8300&KJ3200
KJAR Eyewear,KJ8318,N/A,7.95,KJAR Metal 7 KJ8300&KJ3200
KJAR Eyewear,KJ3201,N/A,7.95,KJAR Metal 7 KJ8300&KJ3200
KJAR Eyewear,KJ3202,N/A,7.95,KJAR Metal 7 KJ8300&KJ3200
KJAR Eyewear,KJ3203,N/A,7.95,KJAR Metal 7 KJ8300&KJ3200
KJAR Eyewear,KJ3204,N/A,7.95,KJAR Metal 7 KJ8300&KJ3200
KJAR Eyewear,KJ7202,N/A,21.95,KJAR Titanium Full rim
KJAR Eyewear,KJ7202,N/A,21.95,KJAR Titanium Full rim
KJAR Eyewear,KJ7204,N/A,21.95,KJAR Titanium Full rim
KJAR Eyewear,KJ7204,N/A,21.95,KJAR Titanium Full rim
KJAR Eyewear,KJ7206,N/A,21.95,KJAR Titanium Full rim
KJAR Eyewear,KJ7206,N/A,21.95,KJAR Titanium Full rim
KJAR Eyewear,KJ7201,N/A,21.95,KJAR Titanium Half rim
KJAR Eyewear,KJ7201,N/A,21.95,KJAR Titanium Half rim
KJAR Eyewear,KJ7203,N/A,21.95,KJAR Titanium Half rim
KJAR Eyewear,KJ7203,N/A,21.95,KJAR Titanium Half rim
KJAR Eyewear,KJ7205,N/A,21.95,KJAR Titanium Half rim
KJAR Eyewear,KJ7205,N/A,21.95,KJAR Titanium Half rim
KJAR Eyewear,KJ7207,N/A,21.95,KJAR Titanium rimless
KJAR Eyewear,KJ7207,N/A,21.95,KJAR Titanium rimless
KJAR Eyewear,KJ7208,N/A,21.95,KJAR Titanium rimless
KJAR Eyewear,KJ7208,N/A,21.95,KJAR Titanium rimless
KJAR Eyewear,KJ7209,N/A,21.95,KJAR Titanium rimless
KJAR Eyewear,KJ7209,N/A,21.95,KJAR Titanium rimless
KJAR Eyewear,KJ7210,N/A,21.95,KJAR Titanium rimless
KJAR Eyewear,KJ7210,N/A,21.95,KJAR Titanium rimless
KJAR Eyewear,KJ7211,N/A,21.95,KJAR Titanium rimless
KJAR Eyewear,KJ7211,N/A,21.95,KJAR Titanium rimless
KJAR Eyewear,KJ7212,N/A,21.95,KJAR Titanium rimless
KJAR Eyewear,KJ7213,N/A,21.95,KJAR Titanium rimless
KJAR Eyewear,KJ7213,N/A,21.95,KJAR Titanium rimless
KJAR Eyewear,KJ7214,N/A,21.95,KJAR Titanium rimless
KJAR Eyewear,KJ7215,N/A,21.95,KJAR Titanium rimless
KJAR Eyewear,KJ7251,N/A,21.95,KJAR Titanium rimless
KJAR Eyewear,KJ7252,N/A,21.95,KJAR Titanium rimless
KJAR Eyewear,KJ7253,N/A,21.95,KJAR Titanium rimless
KJAR Eyewear,KJ7001,N/A,2.95,KJAR TR 2EYE 7000
KJAR Eyewear,KJ7001,N/A,2.95,KJAR TR 2EYE 7000
KJAR Eyewear,KJ7002,N/A,2.95,KJAR TR 2EYE 7000
KJAR Eyewear,KJ7002,N/A,2.95,KJAR TR 2EYE 7000
KJAR Eyewear,KJ7003,N/A,2.95,KJAR TR 2EYE 7000
KJAR Eyewear,KJ7003,N/A,2.95,KJAR TR 2EYE 7000
KJAR Eyewear,KJ7004,N/A,2.95,KJAR TR 2EYE 7000
KJAR Eyewear,KJ7004,N/A,2.95,KJAR TR 2EYE 7000
KJAR Eyewear,KJ7005,N/A,2.95,KJAR TR 2EYE 7000
KJAR Eyewear,KJ7005,N/A,2.95,KJAR TR 2EYE 7000
